<?xml version="1.0" encoding="utf-8" standalone="no" ?>
<GUI>  
    <GuiElement type="image" template="gcGlobalMarketLd">
        <GuiElement type="image" template="gcGlobalMarketLdBackground">
            <GuiElement type="text" template="gcGlobalMarketTextHeader" text="$l10n_GC_globalMarket_header4" />    
            <GuiElement type="text" template="gcGlobalMarketTextInfo" text = "$l10n_GC_globalMarket_headerInfo4" /> 
        </GuiElement>

        <GuiElement type="flowLayout" template="gcGlobalMarketLdContent">
        
            <GuiElement type="flowLayout" template="gcGlobalMarketLdContent3">
            
            <GuiElement type="flowLayout" template="gcGlobalMarketLdContent4">
                <GuiElement type="text" template="gcGlobalMarketLdContent3TextHeader" size="150px" id="gui_text_moneyText" position="0px 0px" text="$l10n_GC_globalMarket_txt_money:" /> 
                <GuiElement type="text" template="gcGlobalMarketLdContent3Text" size="150px" id="gui_text_moneyText" position="0px 0px" text="$l10n_GC_globalMarket_txt_money:" /> 
                
            </GuiElement>


            </GuiElement>
        </GuiElement>
        
        <GuiElement type="flowLayout" template="gcGlobalMarketLdButtonsLayout">
            <GuiElement type="button" template="gcBaseGuiButton" inputAction="MENU_BACK" onClick="onClickClose" />
            <GuiElement type="text" template="gcBaseGuiButtonText" text="$l10n_GC_gui_buttons_back" />		
            <GuiElement type="button" position="80px 0px" template="gcBaseGuiButtonNext" id="gui_btn_sellBuy" inputAction="MENU_ACCEPT" onClick="onClickSellBuy" />
        	<GuiElement type="text" template="gcBaseGuiButtonText" text="$l10n_GC_globalMarket_btn_ok" />  
        </GuiElement>
    </GuiElement>  
</GUI>