<?xml version="1.0" encoding="utf-8" standalone="no" ?>
<GUI>  
    <GuiElement type="image" template="gcGlobalMarketLd">
        <GuiElement type="image" template="gcGlobalMarketLdBackground">
            <GuiElement type="text" template="gcGlobalMarketTextHeader" text="$l10n_GC_globalMarket_header2" />    
            <GuiElement type="text" template="gcGlobalMarketTextInfo" text = "$l10n_GC_globalMarket_headerInfo2" /> 
        </GuiElement>

        <GuiElement type="flowLayout" template="gcGlobalMarketLdContent">
        
            <GuiElement type="flowLayout" template="gcGlobalMarketLdContent1">
                
                <GuiElement type="flowLayout" template="gcGlobalMarketLdContent11" id="guiNumberPart0">
                    <GuiElement type="button" template="gcGlobalMarketLdContent11Btn" onClick="onClickValueUp" parameter="0">
                        <GuiElement type="image" template="gcGlobalMarketLdContent11BtnArrowUp" />
                    </GuiElement>
                    <GuiElement type="text" template="gcGlobalMarketLdContent11BtnNumber" id="gui_numbers_0" />                    
                    <GuiElement type="button" template="gcGlobalMarketLdContent11Btn" onClick="onClickValueDown" parameter="0">
                        <GuiElement type="image" template="gcGlobalMarketLdContent11BtnArrowDown" />
                    </GuiElement>
                </GuiElement>
                <GuiElement type="flowLayout" template="gcGlobalMarketLdContent11" id="guiNumberPart1">
                    <GuiElement type="button" template="gcGlobalMarketLdContent11Btn" onClick="onClickValueUp" parameter="1">
                        <GuiElement type="image" template="gcGlobalMarketLdContent11BtnArrowUp" />
                    </GuiElement>
                    <GuiElement type="text" template="gcGlobalMarketLdContent11BtnNumber" id="gui_numbers_1" />                    
                    <GuiElement type="button" template="gcGlobalMarketLdContent11Btn" onClick="onClickValueDown" parameter="1">
                        <GuiElement type="image" template="gcGlobalMarketLdContent11BtnArrowDown" />
                    </GuiElement>
                </GuiElement>
                <GuiElement type="flowLayout" template="gcGlobalMarketLdContent11" id="guiNumberPart2">
                    <GuiElement type="button" template="gcGlobalMarketLdContent11Btn" onClick="onClickValueUp" parameter="2">
                        <GuiElement type="image" template="gcGlobalMarketLdContent11BtnArrowUp" />
                    </GuiElement>
                    <GuiElement type="text" template="gcGlobalMarketLdContent11BtnNumber" id="gui_numbers_2" />                    
                    <GuiElement type="button" template="gcGlobalMarketLdContent11Btn" onClick="onClickValueDown" parameter="2">
                        <GuiElement type="image" template="gcGlobalMarketLdContent11BtnArrowDown" />
                    </GuiElement>
                </GuiElement>

                <GuiElement type="flowLayout" template="gcGlobalMarketLdContent12" id="guiPoint1">
                    <GuiElement type="text" template="gcGlobalMarketLdContent11BtnNumberPoint" text="." /> 
                </GuiElement>

                <GuiElement type="flowLayout" template="gcGlobalMarketLdContent11" id="guiNumberPart3">
                    <GuiElement type="button" template="gcGlobalMarketLdContent11Btn" onClick="onClickValueUp" parameter="3">
                        <GuiElement type="image" template="gcGlobalMarketLdContent11BtnArrowUp" />
                    </GuiElement>
                    <GuiElement type="text" template="gcGlobalMarketLdContent11BtnNumber" id="gui_numbers_3" />                    
                    <GuiElement type="button" template="gcGlobalMarketLdContent11Btn" onClick="onClickValueDown" parameter="3">
                        <GuiElement type="image" template="gcGlobalMarketLdContent11BtnArrowDown" />
                    </GuiElement>
                </GuiElement>
                <GuiElement type="flowLayout" template="gcGlobalMarketLdContent11" id="guiNumberPart4">
                    <GuiElement type="button" template="gcGlobalMarketLdContent11Btn" onClick="onClickValueUp" parameter="4">
                        <GuiElement type="image" template="gcGlobalMarketLdContent11BtnArrowUp" />
                    </GuiElement>
                    <GuiElement type="text" template="gcGlobalMarketLdContent11BtnNumber" id="gui_numbers_4" />                    
                    <GuiElement type="button" template="gcGlobalMarketLdContent11Btn" onClick="onClickValueDown" parameter="4">
                        <GuiElement type="image" template="gcGlobalMarketLdContent11BtnArrowDown" />
                    </GuiElement>
                </GuiElement>
                <GuiElement type="flowLayout" template="gcGlobalMarketLdContent11" id="guiNumberPart5">
                    <GuiElement type="button" template="gcGlobalMarketLdContent11Btn" onClick="onClickValueUp" parameter="5">
                        <GuiElement type="image" template="gcGlobalMarketLdContent11BtnArrowUp" />
                    </GuiElement>
                    <GuiElement type="text" template="gcGlobalMarketLdContent11BtnNumber" id="gui_numbers_5" />                    
                    <GuiElement type="button" template="gcGlobalMarketLdContent11Btn" onClick="onClickValueDown" parameter="5">
                        <GuiElement type="image" template="gcGlobalMarketLdContent11BtnArrowDown" />
                    </GuiElement>
                </GuiElement>

                <GuiElement type="flowLayout" template="gcGlobalMarketLdContent12" id="guiPoint2">
                    <GuiElement type="text" template="gcGlobalMarketLdContent11BtnNumberPoint" text="." /> 
                </GuiElement>

                <GuiElement type="flowLayout" template="gcGlobalMarketLdContent11" id="guiNumberPart6">
                    <GuiElement type="button" template="gcGlobalMarketLdContent11Btn" onClick="onClickValueUp" parameter="6">
                        <GuiElement type="image" template="gcGlobalMarketLdContent11BtnArrowUp" />
                    </GuiElement>
                    <GuiElement type="text" template="gcGlobalMarketLdContent11BtnNumber" id="gui_numbers_6" />                    
                    <GuiElement type="button" template="gcGlobalMarketLdContent11Btn" onClick="onClickValueDown" parameter="6">
                        <GuiElement type="image" template="gcGlobalMarketLdContent11BtnArrowDown" />
                    </GuiElement>
                </GuiElement>
                <GuiElement type="flowLayout" template="gcGlobalMarketLdContent11" id="guiNumberPart7">
                    <GuiElement type="button" template="gcGlobalMarketLdContent11Btn" onClick="onClickValueUp" parameter="7">
                        <GuiElement type="image" template="gcGlobalMarketLdContent11BtnArrowUp" />
                    </GuiElement>
                    <GuiElement type="text" template="gcGlobalMarketLdContent11BtnNumber" id="gui_numbers_7" />                    
                    <GuiElement type="button" template="gcGlobalMarketLdContent11Btn" onClick="onClickValueDown" parameter="7">
                        <GuiElement type="image" template="gcGlobalMarketLdContent11BtnArrowDown" />
                    </GuiElement>
                </GuiElement>
                <GuiElement type="flowLayout" template="gcGlobalMarketLdContent11" id="guiNumberPart8">
                    <GuiElement type="button" template="gcGlobalMarketLdContent11Btn" onClick="onClickValueUp" parameter="8">
                        <GuiElement type="image" template="gcGlobalMarketLdContent11BtnArrowUp" />
                    </GuiElement>
                    <GuiElement type="text" template="gcGlobalMarketLdContent11BtnNumber" id="gui_numbers_8" />                    
                    <GuiElement type="button" template="gcGlobalMarketLdContent11Btn" onClick="onClickValueDown" parameter="8">
                        <GuiElement type="image" template="gcGlobalMarketLdContent11BtnArrowDown" />
                    </GuiElement>
                </GuiElement>

                <GuiElement type="flowLayout" template="gcGlobalMarketLdContent12">
                    <GuiElement type="text" template="gcGlobalMarketLdContent11BtnNumberPoint" position="20px 0px" id="gui_unit" /> 
                </GuiElement>


            </GuiElement>

            <GuiElement type="image" template="gcGlobalMarketLdSep" />


            <GuiElement type="flowLayout" template="gcGlobalMarketLdContent2">

                <GuiElement type="flowLayout" template="gcGlobalMarketLdContent21">            
                    <GuiElement type="text" template="gcGlobalMarketLdContent2TextHeader" size="150px" position="0px 0px" text="$l10n_GC_globalMarket_txt_amount:" /> 
                    <GuiElement type="text" template="gcGlobalMarketLdContent2Text" position="0px 0px" id="gui_text_amount" /> 
                </GuiElement>
                <GuiElement type="flowLayout" template="gcGlobalMarketLdContent21">            
                    <GuiElement type="text" template="gcGlobalMarketLdContent2TextHeader" size="150px" id="gui_text_moneyText" position="0px 0px" text="$l10n_GC_globalMarket_txt_money:" /> 
                    <GuiElement type="text" template="gcGlobalMarketLdContent2Text" position="0px 0px" id="gui_text_money" /> 
                </GuiElement>
                

            </GuiElement>
        </GuiElement>
        
        <GuiElement type="flowLayout" template="gcGlobalMarketLdButtonsLayout">
            <GuiElement type="button" template="gcBaseGuiButton" inputAction="MENU_BACK" onClick="onClickClose" />
            <GuiElement type="text" template="gcBaseGuiButtonText" text="$l10n_GC_gui_buttons_back" />			
            <GuiElement type="button" position="50px 0px" template="gcBaseGuiButtonNext" inputAction="MENU_EXTRA_1" onClick="onClickMin" />
            <GuiElement type="text" template="gcBaseGuiButtonText" text="$l10n_GC_globalMarket_btn_min" />   
            <GuiElement type="button" position="50px 0px" template="gcBaseGuiButtonNext" inputAction="MENU_EXTRA_2" onClick="onClickMax" />
            <GuiElement type="text" template="gcBaseGuiButtonText" text="$l10n_GC_globalMarket_btn_max" />  
            <GuiElement type="button" position="80px 0px" template="gcBaseGuiButtonNext" id="gui_btn_sellBuy" inputAction="MENU_ACCEPT" onClick="onClickSellBuy" />
        	<GuiElement type="text" template="gcBaseGuiButtonText" text="$l10n_GC_globalMarket_btn_ok" />  
        </GuiElement>
    </GuiElement>  
</GUI>