<?xml version="1.0" encoding="utf-8" standalone="no" ?>
<guiTemplates>
	<colors>
		<color name="transparent" value="0 0 0 0" />
		<color name="white" value="1 1 1 1" />
		<color name="black" value="0 0 0 1" />
		<color name="orange" value="0.9910 0.3865 0.0100 1" />
		
		<color name="gray1" value="0.6 0.6 0.6 1" />
		<color name="gray2" value="0.3 0.3 0.3 1" />
		<color name="gray3" value="0.1 0.1 0.1 1" />
		
		<color name="glass1_60" value="0.3 0.3 0.3 0.6" />
		<color name="glass1_50" value="0.3 0.3 0.3 0.5" />
		<color name="glass1_80" value="0.3 0.3 0.3 0.8" />
		<color name="glass1_90" value="0.3 0.3 0.3 0.9" />
		<color name="glass2_45" value="0.2 0.2 0.2 0.45" />
		<color name="glass3_40" value="0.018 0.016 0.015 0.4" />
		<color name="glass4_10" value="0.5 0.5 0.5 0.1" />
		<color name="glass5_70" value="0.1 0.1 0.1 0.9" />
		
		<color name="image" value="1 1 1 1" />
		<color name="image_disabled" value="07098 07098 07098 1" />
		<color name="image_selected" value="1 1 1 1" />
		<color name="image_selected2" value="0.9910 0.3865 0.0100 1" />
		
		<color name="text" value="1 1 1 1" />		
		<color name="text_disabled" value="0.498 0.498 0.498 1" />		
		<color name="text_selected" value="0.9910 0.3865 0.0100 1" />
	</colors>
	
	<uvs>
        <uv name="icon_roundBig" value="290px 385px 110px 110px"/>
        <uv name="icon_roundSmall" value="530px 385px 55px 55px"/>
        <uv name="icon_info" value="190px 722px 30px 60px"/>
        <uv name="icon_question" value="150px 722px 35px 60px"/>

		<uv name="colorBg" value="10px 1010px 4px 4px" />
		<uv name="image" value="0 0 1 1" />
		<uv name="icon_notification" value="0px 0px 80px 80px" />
		<uv name="icon_notificationNumber" value="80px 0px 80px 80px" />
		<uv name="icon_apps" value="240px 0px 80px 80px" />
		<uv name="icon_settings" value="160px 0px 80px 80px" />
	</uvs>
	
	<templates>
		<template name="gcBase">
			<value name="imageFilename" value="g_baseUIFilename" />
			<value name="imageUVs" value="colorBg" />
			<value name="imageUVs_selected" value="colorBg" />
			<value name="imageUVs_disabled" value="colorBg" />
			<value name="imageUVs_disabledSelected" value="colorBg" />
			
			<value name="imageColor" value="image" />
			<value name="imageColor_disabled" value="image_disabled" />
			<value name="imageColor_selected" value="image_selected" />
			<value name="imageColor_disabledSelected" value="image_disabled" />
			
			<value name="textColor" value="text" />
			<value name="textColor_disabled" value="text_disabled" />
			<value name="textColor_selected" value="text_selected" />
			<value name="imageSize" value="1024 1024" />
		</template>
		
		<template name="gcBase_text" extends="gcBase">
			<value name="size" value="0px 0px" />
		</template>
		
		<template name="gcBase_border" extends="">
			<value name="borderLeftSize" value="0px" />
			<value name="borderRightSize" value="0px" />
			<value name="borderTopSize" value="0px" />
			<value name="borderBottomSize" value="0px" />
			<value name="borderLeftColor" value="gray1" />
			<value name="borderRightColor" value="gray1" />
			<value name="borderTopColor" value="gray1" />
			<value name="borderBottomColor" value="gray1" />
			
			<value name="borderLeftSize_selected" value="0px" />
			<value name="borderRightSize_selected" value="0px" />
			<value name="borderTopSize_selected" value="0px" />
			<value name="borderBottomSize_selected" value="0px" />
			<value name="borderLeftColor_selected" value="gray1" />
			<value name="borderRightColor_selected" value="gray1" />
			<value name="borderTopColor_selected" value="gray1" />
			<value name="borderBottomColor_selected" value="orange" />
			
			<value name="borderLeftSize_disabled" value="2px" />
			<value name="borderRightSize_disabled" value="2px" />
			<value name="borderTopSize_disabled" value="2px" />
			<value name="borderBottomSize_disabled" value="2px" />
			<value name="borderLeftColor_disabled" value="gray1" />
			<value name="borderRightColor_disabled" value="gray1" />
			<value name="borderTopColor_disabled" value="gray1" />
			<value name="borderBottomColor_disabled" value="gray1" />
		</template>		
		
		<template name="gcBorder_button" extends="gcBase_border">
			<value name="borderLeftSize" value="1px" />
			<value name="borderRightSize" value="1px" />
			<value name="borderBottomSize" value="1px" />
			<value name="borderLeftSize_selected" value="1px" />
			<value name="borderRightSize_selected" value="1px" />
			<value name="borderBottomSize_selected" value="5px" />
		</template>
		<template name="gcBorder_Header" extends="gcBase_border">
			<value name="borderBottomSize" value="2px" />
			<value name="borderBottomColor" value="gray1" />
		</template>
		<template name="gcBorder_Header2" extends="gcBase_border">
			<value name="borderBottomSize" value="4px" />
			<value name="borderBottomColor" value="orange" />
		</template>

		<!-- MultiDialog -->
		<template name="gcMdMainLayerBackground" anchor="middleCenter" extends="gcBase">
			<value name="size" value="1920px 1080px" />
			<value name="newLayer" value="true" />
			<value name="imageColor" value="transparent" />
		</template>
		<template name="gcMdMainBackground" anchor="middleCenter" extends="gcBase">
			<value name="size" value="1920px 1080px" />
			<value name="imageColor" value="glass5_70" />
		</template>
		<template name="gcMdBackground" anchor="middleCenter" extends="gcBase gcBorder">
			<value name="size" value="1000px 400px" />
			<value name="imageColor" value="glass1_50" />
			<value name="hasBorders" value="true" />
			<value name="borderBottomSize" value="6px" />
			<value name="borderBottomColor" value="orange" />
		</template>
		<template name="gcMdHeader" anchor="middleTop" extends="gcBase gcBorder">
			<value name="size" value="1000px 50px" />
			<value name="imageColor" value="transparent" />
			<value name="hasBorders" value="true" />
			<value name="borderBottomSize" value="4px" />
			<value name="borderBottomColor" value="gray2" />
		</template>
		<template name="gcMdHeaderText" anchor="middleCenter" extends="gcBase_text">
			<value name="textSize" value="25px" />
			<value name="textAlignment" value="center" />	
		</template>	
		<template name="gcMdContentLayout" anchor="middleTop" extends="gcBase_text">
			<value name="orientation" value="x" />
			<value name="alignment" value="left" />
			<value name="position" value="0px -80px" />
			<value name="size" value="900px 200px" />
		</template>
		<template name="gcMdContentIcon" anchor="middleCenter" extends="gcBase">
			<value name="size" value="150px 150px" />
			<value name="imageColor" value="glass1_90" />
			<value name="imageUVs" value="icon_roundBig" />
		</template>
		<template name="gcMdContentIconTyp" anchor="middleCenter" extends="gcBase">
			<value name="size" value="50px 80px" />
			<value name="imageColor" value="orange" />
		</template>
		<template name="gcMdContentText" anchor="leftTop" extends="gcBase_text">
			<value name="position" value="50px 0px" />
			<value name="textSize" value="20px" />
			<value name="textAlignment" value="left" />	
			<value name="textWrapWidth" value="700px" />	
			<value name="textMaxNumLines" value="8" />		
		</template>	
		<template name="gcMdContentButtonsLayout" anchor="middleBottom" extends="gcBase_text">
			<value name="orientation" value="x" />
			<value name="alignment" value="left" />
			<value name="position" value="0px 3px" />
			<value name="size" value="1000px 50px" />
		</template>
		<template name="gcMdContentButtonsButton" anchor="middleBottom" extends="gcBase">
			<value name="position" value="0px 0px" />
			<value name="imageColor" value="gray3" />
			<value name="imageColor_selected" value="gray2" />
			<value name="hasOverlay" value="true" />
			<value name="hasText" value="true" />
			<value name="textAlignment" value="center" />	
			<value name="textMargin" value="0px 0px 0px 15px" />	
		</template>	


		<!-- Baler -->
		<template name="gcBalerBackground" anchor="middleCenter" extends="gcBase gcBorder">
			<value name="size" value="1000px 700px" />
			<value name="imageColor" value="glass1_50" />
			<value name="hasBorders" value="true" />
			<value name="borderBottomSize" value="6px" />
			<value name="borderBottomColor" value="orange" />
		</template>
		<template name="gcBalerHeader" anchor="middleTop" extends="gcBase gcBorder">
			<value name="size" value="1000px 50px" />
			<value name="imageColor" value="transparent" />
			<value name="hasBorders" value="true" />
			<value name="borderBottomSize" value="4px" />
			<value name="borderBottomColor" value="gray2" />
		</template>
		<template name="gcBalerHeaderText" anchor="middleCenter" extends="gcBase_text">
			<value name="textSize" value="25px" />
			<value name="textAlignment" value="center" />	
		</template>	
		<template name="gcBalerContent" anchor="middleTop" extends="gcBase">
			<value name="size" value="1000px 646px" />
			<value name="position" value="0px -50px" />
			<value name="imageColor" value="transparent" />
		</template>
		<template name="gcBalerContentLayout" anchor="leftTop" extends="gcHotelContentInteraction">
			<value name="orientation" value="y" />
			<value name="alignment" value="top" />
			<value name="position" value="0px 0px" />
			<value name="size" value="1000px 581px" />
			<value name="margin" value="0px 0px 0px 0px" />
		</template>
		<template name="gcBalerFillTypesText" anchor="leftTop" extends="gcBase_text">
			<value name="textSize" value="25px" />
			<value name="textAlignment" value="center" />	
			<value name="margin" value="50px 20px 0px 0px" />
		</template>	
		<template name="gcBalerFillTypesLayout" anchor="leftTop" extends="gcHotelContentInteraction">
			<value name="orientation" value="y" />
			<value name="alignment" value="top" />
			<value name="position" value="0px 0px" />
			<value name="size" value="800px 300px" />
			<value name="margin" value="50px 0px 0px 0px" />
		</template>
		<template name="gcBalerFillTypesLayoutTyp" anchor="leftTop" extends="gcHotelContentInteraction">
			<value name="orientation" value="x" />
			<value name="alignment" value="left" />
			<value name="position" value="0px 0px" />
			<value name="size" value="800px 100px" />
		</template>
		<template name="gcBalerFillTypesButtonBackground" anchor="middleCenter" extends="gcBase">
			<value name="size" value="50px 50px" />
			<value name="imageColor" value="gray3" />
		</template>
		<template name="gcBalerFillTypesButton" anchor="middleCenter" extends="gcBase">
			<value name="size" value="30px 30px" />
			<value name="position" value="0px 0px" />
			<value name="imageColor" value="transparent" />
			<value name="imageColor_selected" value="orange" />
			<value name="imageColor_disabled" value="transparent" />
			<value name="imageColor_disabledSelected" value="image_disabled" />
			<value name="hasOverlay" value="true" />
			<value name="isActivable" value="true" />
		</template>	
		<template name="gcBalerFillTypesButtonText" anchor="leftCenter" extends="gcBase_text">
			<value name="textSize" value="25px" />
			<value name="textAlignment" value="center" />	
			<value name="margin" value="50px 0px 0px 0px" />
		</template>	
		<template name="gcBalerNumLayout" anchor="middleBottom" extends="gcHotelContentInteraction">
			<value name="orientation" value="x" />
			<value name="alignment" value="left" />
			<value name="position" value="0px -20px" />
			<value name="size" value="900px 50px" />
		</template>
		<template name="gcBalerNumBackground" anchor="middleCenter" extends="gcBase">
			<value name="size" value="100px 50px" />
			<value name="imageColor" value="gray3" />
		</template>
		<template name="gcBalerNumText" anchor="middleCenter" extends="gcBase_text">
			<value name="textSize" value="25px" />
			<value name="textAlignment" value="center" />	
			<value name="margin" value="0px 0px 0px 0px" />
		</template>	
		<template name="gcBalerNumButton" anchor="middleBottom" extends="gcBase">
			<value name="size" value="50px 50px" />
			<value name="margin" value="10px 0px 0px 0px" />
			<value name="imageColor" value="gray3" />
			<value name="imageColor_selected" value="gray2" />
			<value name="hasOverlay" value="true" />
			<value name="hasText" value="true" />
			<value name="textAlignment" value="center" />	
			<value name="textMargin" value="10px 0px 0px 15px" />	
		</template>	
		<template name="gcBalerButtonLayout" anchor="middleBottom" extends="gcHotelContentInteraction">
			<value name="orientation" value="x" />
			<value name="alignment" value="left" />
			<value name="position" value="0px 10px" />
			<value name="size" value="620px 50px" />
		</template>
		<template name="gcBalerButtonButton" anchor="middleBottom" extends="gcBase">
			<value name="size" value="300px 50px" />
			<value name="imageColor" value="gray3" />
			<value name="imageColor_selected" value="gray2" />
			<value name="hasOverlay" value="true" />
			<value name="hasText" value="true" />
			<value name="textAlignment" value="center" />	
			<value name="textMargin" value="0px 0px 0px 15px" />	
			<value name="textSize" value="23px" />
		</template>	
		<template name="gcBalerInfoBackground" anchor="rightTop" extends="gcBase">
			<value name="size" value="300px 400px" />
			<value name="imageColor" value="glass1_80" />
			<value name="position" value="-50px -20px" />
		</template>
		<template name="gcBalerInfoHeader" anchor="leftTop" extends="gcBase_text">
			<value name="textSize" value="22px" />
			<value name="textAlignment" value="center" />	
			<value name="margin" value="15px 15px 0px 0px" />	
			<value name="textBold" value="true" />	
		</template>	
		<template name="gcBalerInfoLayout" anchor="middleBottom" extends="gcHotelContentInteraction">
			<value name="orientation" value="y" />
			<value name="alignment" value="top" />
			<value name="position" value="0px 10px" />
			<value name="size" value="300px 350px" />
		</template>
		<template name="gcBalerInfoTextHeader" anchor="leftTop" extends="gcBase_text">
			<value name="textSize" value="20px" />
			<value name="textAlignment" value="left" />	
			<value name="margin" value="20px 15px 0px 0px" />	
			<value name="textBold" value="true" />	
		</template>	
		<template name="gcBalerInfoText" anchor="leftTop" extends="gcBase_text">
			<value name="textSize" value="20px" />
			<value name="textAlignment" value="left" />	
			<value name="margin" value="25px 15px 0px 0px" />	
		</template>	
		<template name="gcBalerInfoSepBackground" anchor="middleBottom" extends="gcBase">
			<value name="size" value="280px 2px" />
			<value name="imageColor" value="glass5_70" />
			<value name="position" value="0px 110px" />
		</template>
		<template name="gcBalerInfoTextAutoLayout" anchor="middleBottom" extends="gcHotelContentInteraction">
			<value name="orientation" value="x" />
			<value name="alignment" value="left" />
			<value name="position" value="0px 0px" />
			<value name="size" value="280px 100px" />
		</template>
		<template name="gcBalerInfoTextAutoText" anchor="leftCenter" extends="gcBase_text">
			<value name="textSize" value="22px" />
			<value name="textAlignment" value="center" />	
			<value name="margin" value="20px 0px 0px 0px" />
		</template>	

		<!-- ObjectInfo -->
		<template name="gcObjectInfoBackground" anchor="middleCenter" extends="gcBase gcBorder">
			<value name="size" value="230px 60px" />
			<value name="imageColor" value="glass5_70" />
			<value name="hasBorders" value="true" />
			<value name="borderBottomSize" value="6px" />
			<value name="borderBottomColor" value="orange" />
		</template>
		<template name="gcObjectInfoLayout" anchor="leftTop" extends="gcHotelContentInteraction">
			<value name="orientation" value="y" />
			<value name="alignment" value="center" />
			<value name="position" value="0px 0px" />
			<value name="size" value="230px 54px" />
			<value name="margin" value="0px 0px 0px 0px" />
		</template>
		<template name="gcObjectInfoText" anchor="middleCenter" extends="gcBase_text">
			<value name="textSize" value="12px" />
			<value name="textAlignment" value="center" />
			<value name="textBold" value="true"/>			
			<value name="margin" value="0px 5px 0px 5px" />	
		</template>			
		
	</templates>	
</guiTemplates>