<?xml version="1.0" encoding="utf-8" standalone="no" ?>
<globalCompany>		
    <shopManager>
        <addCategories>
            <category type="PLACEABLE" name="globalCompanyPlaceable" title="$l10n_GC_category_globalCompanyPlaceable" image="store_globalCompanyPlaceable.dds" />
        </addCategories>
        
        <sortCategories>
            <category type="PLACEABLE" name="globalCompanyPlaceable" after="sheds" />
        </sortCategories>
    </shopManager>

    <!--specializations>
        <registerSpecializations>
            <specialization name="palletExtended" className="PalletExtended" filename="specializations/PalletExtended.lua" onlyLoad="true" />
        </registerSpecializations>
    </specializations-->

</globalCompany>