<?xml version="1.0" encoding="utf-8" standalone="no" ?>
<GUI>  
    <GuiElement type="image" id="gui_mainScreen" template="gcGlobalMarket">
        <GuiElement type="image" template="gcGlobalMarketBackground">
            <GuiElement type="text" template="gcGlobalMarketTextHeader" text="$l10n_GC_globalMarket_header3" />    
            <GuiElement type="text" template="gcGlobalMarketTextInfo" text = "$l10n_GC_globalMarket_headerInfo3" /> 
                                               
            <GuiElement type="flowLayout" template="gcGlobalMarketRightLayout">         
                <GuiElement type="flowLayout" template="gcGlobalMarketFilterLayout">
                    <GuiElement type="tableSort" template="gcGlobalMarketTableHeader" tableSortSize="300px 35px" id="gui_tableSort" text="$l10n_GC_globalMarket_tbl_header_filltype" onClick="onClickChangeSortDirectionFillType" />
                    <GuiElement type="tableSort" template="gcGlobalMarketTableHeader" tableSortSize="300px 35px" id="gui_tableSort" text="$l10n_GC_globalMarket_tbl_header_level" onClick="onClickChangeSortDirectionLevel" />
                    <GuiElement type="tableSort" template="gcGlobalMarketTableHeader" tableSortSize="300px 35px" id="gui_tableSort" text="$l10n_GC_globalMarket_tbl_header_price" onClick="onClickChangeSortDirectionPrice" />
                </GuiElement>
                <GuiElement type="table" template="gcGlobalMarketTableLayout" id="gui_table_storage">
                    <GuiElement type="button" template="gcGlobalMarketLayoutButton" onClick="onClickStorageItem" isTableTemplate="true">		
                        <GuiElement type="text" template="gcGlobalMarketTableLayoutText" position="20px 0px0" onCreate="onCreateCol1" />				
                        <GuiElement type="text" template="gcGlobalMarketTableLayoutText" position="320px 0px" onCreate="onCreateCol2" />				
                        <GuiElement type="text" template="gcGlobalMarketTableLayoutText" position="620px 0px" onCreate="onCreateCol3" />				
                    </GuiElement>                        
                </GuiElement>
            </GuiElement>                    
        </GuiElement>
        
        <GuiElement type="flowLayout" template="gcGlobalMarketButtonsLayout1">
            <GuiElement type="button" template="gcBaseGuiButton" inputAction="MENU_BACK" onClick="onClickClose" />
            <GuiElement type="text" template="gcBaseGuiButtonText" text="$l10n_GC_gui_buttons_back" />       
           <GuiElement type="button" position="80px 0px" template="gcBaseGuiButtonNext" id="gui_btn_loading" inputAction="MENU_ACCEPT" onClick="onClickLoading" />
        	<GuiElement type="text" template="gcBaseGuiButtonText" id="gui_btn_loadingText" text="$l10n_GC_globalMarket_btn_startLoad" />  
        </GuiElement>
    </GuiElement>  
</GUI>